repeated_times,Accuracy,Precision,Recall,F1,AUC,CV_list(AUC)
30,0.5413793103448277,0.56328949609894,0.6513305076745237,0.4636620664311302,0.6513305076745237,"[0.7403846153846154, 0.6547169811320754, 0.6075471698113208, 0.30092592592592593, 0.803921568627451, 0.6282051282051282, 0.5583333333333332, 0.6132075471698113, 0.6218487394957983, 0.7051282051282052, 0.6955128205128206, 0.6736694677871149, 0.6638655462184874, 0.6875, 0.7830188679245282, 0.7019230769230769, 0.5544871794871795, 0.6775, 0.6121794871794871, 0.5981132075471698, 0.6349206349206349, 0.7647058823529411, 0.7395833333333333, 0.5370370370370371, 0.641025641025641, 0.5897435897435899, 0.6547169811320754, 0.7727272727272727, 0.6932773109243697, 0.6301886792452831]"
30,0.5413793103448277,0.56328949609894,0.6513305076745237,0.4636620664311302,0.6513305076745237,"[0.7403846153846154, 0.6547169811320754, 0.6075471698113208, 0.30092592592592593, 0.803921568627451, 0.6282051282051282, 0.5583333333333332, 0.6132075471698113, 0.6218487394957983, 0.7051282051282052, 0.6955128205128206, 0.6736694677871149, 0.6638655462184874, 0.6875, 0.7830188679245282, 0.7019230769230769, 0.5544871794871795, 0.6775, 0.6121794871794871, 0.5981132075471698, 0.6349206349206349, 0.7647058823529411, 0.7395833333333333, 0.5370370370370371, 0.641025641025641, 0.5897435897435899, 0.6547169811320754, 0.7727272727272727, 0.6932773109243697, 0.6301886792452831]"
