repeated_times,Accuracy,Precision,Recall,F1,AUC,CV_list(AUC)
30,0.6000000000000001,0.6076786327273728,0.7471463496746509,0.5369812642339343,0.7471463496746509,"[0.7197802197802199, 0.75, 0.7692307692307692, 0.7309523809523809, 0.7355072463768115, 0.7250936329588014, 0.8031914893617021, 0.7444444444444445, 0.7414772727272727, 0.7802197802197802, 0.7722222222222223, 0.6873207114170969, 0.7604166666666666, 0.7747252747252747, 0.7747252747252747, 0.7752808988764045, 0.7223858615611194, 0.7700374531835206, 0.6703296703296704, 0.7864583333333334, 0.7159574468085106, 0.7212765957446808, 0.8097826086956521, 0.7849462365591398, 0.7663043478260869, 0.6608527131782946, 0.7472527472527472, 0.7475655430711611, 0.7502443792766373, 0.7164082687338501]"
30,0.6000000000000001,0.6076786327273728,0.7471463496746509,0.5369812642339343,0.7471463496746509,"[0.7197802197802199, 0.75, 0.7692307692307692, 0.7309523809523809, 0.7355072463768115, 0.7250936329588014, 0.8031914893617021, 0.7444444444444445, 0.7414772727272727, 0.7802197802197802, 0.7722222222222223, 0.6873207114170969, 0.7604166666666666, 0.7747252747252747, 0.7747252747252747, 0.7752808988764045, 0.7223858615611194, 0.7700374531835206, 0.6703296703296704, 0.7864583333333334, 0.7159574468085106, 0.7212765957446808, 0.8097826086956521, 0.7849462365591398, 0.7663043478260869, 0.6608527131782946, 0.7472527472527472, 0.7475655430711611, 0.7502443792766373, 0.7164082687338501]"
